<?xml version="1.0"?>

<!-- Metadata file for LazySearch2 plugin -->
<!-- Copyright © Stuart Hickinbottom 2004-2011 -->

<!-- This file is part of LazySearch2. -->

<!-- LazySearch2 is free software; you can redistribute it and/or modify -->
<!-- it under the terms of the GNU General Public License as published by -->
<!-- the Free Software Foundation; either version 2 of the License, or -->
<!-- (at your option) any later version. -->

<!-- LazySearch2 is distributed in the hope that it will be useful, -->
<!-- but WITHOUT ANY WARRANTY; without even the implied warranty of -->
<!-- MERCHANTABILITY or FITNESS FOR A PARTICULAR PURPOSE.  See the -->
<!-- GNU General Public License for more details. -->

<!-- You should have received a copy of the GNU General Public License -->
<!-- along with LazySearch2; if not, write to the Free Software -->
<!-- Foundation, Inc., 51 Franklin St, Fifth Floor, -->
<!-- Boston, MA  02110-1301  USA -->

<extension>
	<id>a8cab4c9-904c-4f41-877f-276c29e6edea</id>
	<name>PLUGIN_LAZYSEARCH2</name>
	<module>Plugins::LazySearch2::Plugin</module>
	<version>3.6.0b3</version>
	<description>PLUGIN_LAZYSEARCH2_DESC</description>
	<creator>Stuart Hickinbottom</creator>
	<email>stuart@hickinbottom.com</email>

	<defaultState>enabled</defaultState>
        
	<homepageURL>http://www.hickinbottom.com/lazysearch</homepageURL>
	<optionsURL>plugins/LazySearch2/settings/basic.html</optionsURL>
	<type>2</type>

	<targetApplication>
		<id>Squeezebox Server</id>
		<minVersion>7.6</minVersion>
		<maxVersion>7.6+</maxVersion>
	</targetApplication>
</extension>
